{"0": {"AutoARIMA": {"ATSD": 1399.453125, "MAE": 29.29118537902832, "MAPE": 41.860103607177734, "RMSE": 59.66582489013672}, "SeasESOpt": {"ATSD": 16108.21484375, "MAE": 75.20755767822266, "MAPE": 91.14165902137756, "RMSE": 150.7171630859375}, "HoltWinters": {"ATSD": 64.7421875, "MAE": 39.21101379394531, "MAPE": 56.628286838531494, "RMSE": 94.66243743896484}, "SeasonalNaive": {"ATSD": 436.0, "MAE": 106.27462005615234, "MAPE": 142.38379001617432, "RMSE": 213.80914306640625}}, "1": {"AutoARIMA": {"ATSD": 105.4375, "MAE": 23.8461971282959, "MAPE": 36.89606189727783, "RMSE": 51.85201644897461}, "SeasESOpt": {"ATSD": 7448.19921875, "MAE": 60.14619445800781, "MAPE": 89.54174518585205, "RMSE": 118.12171173095703}, "HoltWinters": {"ATSD": 172.2109375, "MAE": 30.664791107177734, "MAPE": 42.86056458950043, "RMSE": 72.92622375488281}, "SeasonalNaive": {"ATSD": 201.0, "MAE": 74.6244888305664, "MAPE": 115.77794551849365, "RMSE": 154.97547912597656}}, "2": {"AutoARIMA": {"ATSD": 40.5087890625, "MAE": 6.079888820648193, "MAPE": 91.88488125801086, "RMSE": 9.532959938049316}, "SeasESOpt": {"ATSD": 535.287109375, "MAE": 7.364398956298828, "MAPE": 105.60836791992188, "RMSE": 16.271358489990234}, "HoltWinters": {"ATSD": 39.04296875, "MAE": 6.443071365356445, "MAPE": 92.65262484550476, "RMSE": 11.393505096435547}, "SeasonalNaive": {"ATSD": 48.0, "MAE": 9.317972183227539, "MAPE": 125.42492151260376, "RMSE": 20.180065155029297}}, "3": {"AutoARIMA": {"ATSD": 1836.234375, "MAE": 30.758514404296875, "MAPE": 1.035756260818944e+17, "RMSE": 45.2617301940918}, "SeasESOpt": {"ATSD": 4725.203125, "MAE": 34.84966278076172, "MAPE": 1.024646254166016e+17, "RMSE": 51.73064041137695}, "HoltWinters": {"ATSD": 101.578125, "MAE": 31.899982452392578, "MAPE": 9.68285411606528e+16, "RMSE": 46.527374267578125}, "SeasonalNaive": {"ATSD": 1252.0, "MAE": 42.314605712890625, "MAPE": 1.106020449386496e+17, "RMSE": 65.14096069335938}}, "4": {"AutoARIMA": {"ATSD": 160.9921875, "MAE": 24.713783264160156, "MAPE": 44.15169060230255, "RMSE": 50.2685546875}, "SeasESOpt": {"ATSD": 1091.546875, "MAE": 52.112850189208984, "MAPE": 116.4582371711731, "RMSE": 90.6755599975586}, "HoltWinters": {"ATSD": 113.8125, "MAE": 27.637916564941406, "MAPE": 48.48253130912781, "RMSE": 55.29689407348633}, "SeasonalNaive": {"ATSD": 419.0, "MAE": 52.39075469970703, "MAPE": 97.641921043396, "RMSE": 97.72992706298828}}}