{"0": {"AutoARIMA": {"ATSD": 1986.171875, "MAE": 31.041017532348633, "MAPE": 43.62351596355438, "RMSE": 64.45466613769531}, "SeasESOpt": {"ATSD": 16108.21484375, "MAE": 75.20755767822266, "MAPE": 91.14165902137756, "RMSE": 150.7171630859375}, "HoltWinters": {"ATSD": 64.7421875, "MAE": 39.21101379394531, "MAPE": 56.628286838531494, "RMSE": 94.66243743896484}, "SeasonalNaive": {"ATSD": 436.0, "MAE": 106.27462005615234, "MAPE": 142.38379001617432, "RMSE": 213.80914306640625}}, "1": {"AutoARIMA": {"ATSD": 126.359375, "MAE": 25.493139266967773, "MAPE": 48.49666357040405, "RMSE": 50.89501953125}, "SeasESOpt": {"ATSD": 1091.546875, "MAE": 52.112850189208984, "MAPE": 116.4582371711731, "RMSE": 90.6755599975586}, "HoltWinters": {"ATSD": 113.8125, "MAE": 27.637916564941406, "MAPE": 48.48253130912781, "RMSE": 55.29689407348633}, "SeasonalNaive": {"ATSD": 419.0, "MAE": 52.39075469970703, "MAPE": 97.641921043396, "RMSE": 97.72992706298828}}, "2": {"AutoARIMA": {"ATSD": 8676.390625, "MAE": 29.074291229248047, "MAPE": 36.72334551811218, "RMSE": 63.54646682739258}, "SeasESOpt": {"ATSD": 7448.19921875, "MAE": 60.14619445800781, "MAPE": 89.54174518585205, "RMSE": 118.12171173095703}, "HoltWinters": {"ATSD": 172.2109375, "MAE": 30.664791107177734, "MAPE": 42.86056458950043, "RMSE": 72.92622375488281}, "SeasonalNaive": {"ATSD": 201.0, "MAE": 74.6244888305664, "MAPE": 115.77794551849365, "RMSE": 154.97547912597656}}, "3": {"AutoARIMA": {"ATSD": 60.8759765625, "MAE": 6.046469211578369, "MAPE": 89.08642530441284, "RMSE": 9.887423515319824}, "SeasESOpt": {"ATSD": 535.287109375, "MAE": 7.364398956298828, "MAPE": 105.60836791992188, "RMSE": 16.271358489990234}, "HoltWinters": {"ATSD": 39.04296875, "MAE": 6.443071365356445, "MAPE": 92.65262484550476, "RMSE": 11.393505096435547}, "SeasonalNaive": {"ATSD": 48.0, "MAE": 9.317972183227539, "MAPE": 125.42492151260376, "RMSE": 20.180065155029297}}, "4": {"AutoARIMA": {"ATSD": 1752.015625, "MAE": 31.232362747192383, "MAPE": 1.000040923398144e+17, "RMSE": 45.583683013916016}, "SeasESOpt": {"ATSD": 4725.203125, "MAE": 34.84966278076172, "MAPE": 1.024646254166016e+17, "RMSE": 51.73064041137695}, "HoltWinters": {"ATSD": 101.578125, "MAE": 31.899982452392578, "MAPE": 9.68285411606528e+16, "RMSE": 46.527374267578125}, "SeasonalNaive": {"ATSD": 1252.0, "MAE": 42.314605712890625, "MAPE": 1.106020449386496e+17, "RMSE": 65.14096069335938}}}